[
  {
    "title": "Тренировка на каденс",
    "location": "Новый порт",
    "locationLink": "",
    "details": "держим каденс 90-100 интервалами по 10-15мин",
    "start": "2025-07-04T20:00",
    "id": 1751480931393
  },
  {
    "title": "Семейный заезд",
    "location": "Инекс",
    "locationLink": "",
    "details": "",
    "start": "2025-07-05T06:27",
    "id": 1751480879470
  },
  {
    "title": "sdsd",
    "location": "sdsd",
    "locationLink": "",
    "details": "sadsd",
    "start": "2025-07-12T13:22",
    "id": 1751710952012
  }
]